{
"1":["NULL MONITOR FAILURE While reading FanModule caught java.lang.IllegalStateException : while executing I2C Operation caught java.lang.IllegalStateException : client not in a usable state because java.lang.IllegalStateException : client not in a usable state because java.lang.IllegalStateException : client not in a usable state because java.lang.IllegalStateException : client not in a usable state because java.lang.IllegalStateException : client not in a usable state because java.lang.IllegalStateException : client not in a usable state because java.lang.IllegalStateException : client not in a usable state because java.lang.IllegalStateException : client not in a usable state because java.lang.IllegalStateException : client not in a usable state because java.lang.IllegalStateException : client not in a usable state because java.net.SocketException : Broken pipe",
[["MONITOR FAILURE", "", ""],
["", "reading", "FanModule"],
["client", "not in", "usable state"],
["", "caught", "java.lang.IllegalStateException"],
["pipe", "is", "Broken"],
["MONITOR FAILURE", "While", "reading FanModule"],
["caught java.lang.IllegalStateException", "While", "reading FanModule"],
["caught java.lang.IllegalStateException", "while", "executing I2C Operation"],
["client not in a usable state", "because", "java.lang.IllegalStateException"]]],

"2":["NULL MONITOR FAILURE While setting fan speed caught java.lang.IllegalStateException : while executing I2C Operation caught java.lang.IllegalStateException : client not in a usable state because java.lang.IllegalStateException : client not in a usable state because java.lang.IllegalStateException : client not in a usable state because java.lang.IllegalStateException : client not in a usable state because java.lang.IllegalStateException : client not in a usable state because java.lang.IllegalStateException : client not in a usable state because java.lang.IllegalStateException : client not in a usable state because java.lang.IllegalStateException : client not in a usable state because java.lang.IllegalStateException : client not in a usable state because java.net.SocketException : Broken pipe",
[["MONITOR FAILURE", "", ""],
["", "setting", "fan speed"],
["client", "not in", "usable state"],
["", "caught", "java.lang.IllegalStateException"],
["pipe", "is", "Broken"],
["MONITOR FAILURE", "While", "setting fan speed"],
["caught java.lang.IllegalStateException", "While", "setting fan speed"],
["caught java.lang.IllegalStateException", "while", "executing I2C Operation"],
["client not in a usable state", "because", "java.lang.IllegalStateException"]]],

"3":["NULL MONITOR FAILURE While reading FanModule caught java.lang.IllegalStateException : while executing I2C Operation caught java.lang.IllegalStateException : client not in a usable state because java.lang.IllegalStateException : client not in a usable state because java.lang.IllegalStateException : client not in a usable state because java.lang.IllegalStateException : client not in a usable state because java.lang.IllegalStateException : client not in a usable state because java.lang.IllegalStateException : client not in a usable state because java.lang.IllegalStateException : client not in a usable state because java.lang.IllegalStateException : client not in a usable state because java.net.SocketException : Broken pipe",
[["MONITOR FAILURE", "", ""],
["", "reading", "FanModule"],
["client", "not in", "usable state"],
["", "caught", "java.lang.IllegalStateException"],
["pipe", "is", "Broken"],
["MONITOR FAILURE", "While", "reading FanModule"],
["caught java.lang.IllegalStateException", "While", "reading FanModule"],
["caught java.lang.IllegalStateException", "while", "executing I2C Operation"],
["client not in a usable state", "because", "java.lang.IllegalStateException"]]],

"4":["NULL MONITOR FAILURE While setting fan speed caught java.lang.IllegalStateException : while executing I2C Operation caught java.lang.IllegalStateException : client not in a usable state because java.lang.IllegalStateException : client not in a usable state because java.lang.IllegalStateException : client not in a usable state because java.lang.IllegalStateException : client not in a usable state because java.lang.IllegalStateException : client not in a usable state because java.lang.IllegalStateException : client not in a usable state because java.lang.IllegalStateException : client not in a usable state because java.net.SocketException : Broken pipe",
[["MONITOR FAILURE", "", ""],
["", "setting", "fan speed"],
["client", "not in", "usable state"],
["", "caught", "java.lang.IllegalStateException"],
["pipe", "is", "Broken"],
["MONITOR FAILURE", "While", "setting fan speed"],
["caught java.lang.IllegalStateException", "While", "setting fan speed"],
["caught java.lang.IllegalStateException", "while", "executing I2C Operation"],
["client not in a usable state", "because", "java.lang.IllegalStateException"]]],

"5":["NULL MONITOR FAILURE While reading FanModule caught java.lang.IllegalStateException : while executing I2C Operation caught java.lang.IllegalStateException : client not in a usable state because java.lang.IllegalStateException : client not in a usable state because java.lang.IllegalStateException : client not in a usable state because java.lang.IllegalStateException : client not in a usable state because java.lang.IllegalStateException : client not in a usable state because java.lang.IllegalStateException : client not in a usable state because java.net.SocketException : Broken pipe",
[["MONITOR FAILURE", "", ""],
["", "reading", "FanModule"],
["client", "not in", "usable state"],
["", "caught", "java.lang.IllegalStateException"],
["pipe", "is", "Broken"],
["MONITOR FAILURE", "While", "reading FanModule"],
["caught java.lang.IllegalStateException", "While", "reading FanModule"],
["caught java.lang.IllegalStateException", "while", "executing I2C Operation"],
["client not in a usable state", "because", "java.lang.IllegalStateException"]]],

"6":["NULL DISCOVERY SEVERE Problem reading the ethernet arl entries fro the service card : java.lang.IllegalStateException : while executing I2C Operation caught java.lang.RuntimeException : Communication error : ( DirectIDo for com.ibm.ido.DirectIDo object * with image version 9 and card type 2 ] is in state = COMMUNICATION_ERROR , sequenceNumberIsOk = false , ExpectedSequenceNumber = * , Reply Sequence Number = * , timedOut = true , retries = * , timeout = * , Expected Op Command = * , Actual Op Reply = * , Expected Sync Command = * , Actual Sync Reply = * )",
[["DISCOVERY SEVERE", "", ""],
["", "reading", "the ethernet arl entries"],
["state", "is", "COMMUNICATION_ERROR"],
["sequenceNumberIsOk", "is", "false"],
["ExpectedSequenceNumber", "is", "VAR2"],
["Reply Sequence Number", "is", "VAR3"],
["timedOut", "is", "true"],
["retries", "is", "VAR4"],
["timeout", "is", "VAR5"],
["Expected Op Command", "is", "VAR6"],
["Actual Op Reply", "is", "VAR7"],
["Expected Sync Command", "is", "VAR8"],
["Actual Sync Reply", "is", "VAR9"],
["caught java.lang.RuntimeException", "while", "executing I2C Operation"]]],

"7":["NULL DISCOVERY * While initializing node card , ido with LP of * caught java.lang.IllegalStateException : while executing * Operation caught java.lang.RuntimeException : Communication error : ( DirectIDo for com.ibm.ido.DirectIDo object * with image version 13 and card type 4 ] is in state = COMMUNICATION_ERROR , sequenceNumberIsOk = false , ExpectedSequenceNumber = * , Reply Sequence Number = -1 , timedOut = true , retries = 200 , timeout = 1000 , Expected Op Command = 2 , Actual Op Reply = -1 , Expected Sync Command = * , Actual Sync Reply = -1 )",
[["DISCOVERY VAR1", "", ""],
["", "initializing", "node card"],
["ido", "caught", "java.lang.IllegalStateException"],
["", "executing", "Operation"],
["Operation", "is", "VAR3"],
["state", "is", "COMMUNICATION_ERROR"],
["sequenceNumberIsOk", "is", "false"],
["ExpectedSequenceNumber", "is", "VAR5"],
["Reply Sequence Number", "is", "-1"],
["timedOut", "is", "true"],
["retries", "is", "200"],
["timeout", "is", "1000"],
["Expected Op Command", "is", "2"],
["Actual Op Reply", "is", "-1"],
["Expected Sync Command", "is", "VAR6"],
["Actual Sync Reply", "is", "-1"],
["DISCOVERY VAR1", "While", "initializing node card"],
["caught java.lang.RuntimeException", "while", "executing VAR3 Operation"]]],

"8":["NULL DISCOVERY * Problem communicating with * card * caught java.lang.IllegalStateException : while executing * Operation caught java.lang.RuntimeException : Communication error : ( DirectIDo for com.ibm.ido.DirectIDo object * with image version 13 and card type * ] is in state = COMMUNICATION_ERROR , sequenceNumberIsOk = false , ExpectedSequenceNumber = * , Reply Sequence Number = * , timedOut = true , retries = * , timeout = * , Expected Op Command = * , Actual Op Reply = * , Expected Sync Command = * , Actual Sync Reply = * )",
[["DISCOVERY VAR1 Problem", "communicating with", "VAR1 card"],
["DISCOVERY VAR1", "", ""],
["", "", "Communication error"],
["Problem", "is", "VAR1"],
["state", "is", "COMMUNICATION_ERROR"],
["sequenceNumberIsOk", "is", "false"],
["ExpectedSequenceNumber", "is", "VAR7"],
["Reply Sequence Number", "is", "VAR8"],
["timedOut", "is", "true"],
["retries", "is", "VAR9"],
["timeout", "is", "VAR10"],
["Expected Op Command", "is", "VAR11"],
["Actual Op Reply", "is", "VAR12"],
["Expected Sync Command", "is", "VAR13"],
["Actual Sync Reply", "is", "VAR14"],
["caught java.lang.RuntimeException", "while", "executing VAR3 Operation"]]],

"9":["NULL DISCOVERY SEVERE While initializing * card iDo machine with LP of * caught java.io.IOException : Could not contact iDo with LP = * and IP = * because java.lang.RuntimeException : Communication error : ( DirectIDo for Uninitialized DirectIDo for * is in state = COMMUNICATION_ERROR , sequenceNumberIsOk = false , ExpectedSequenceNumber = 0 , Reply Sequence Number = -1 , timedOut = true , retries = 200 , timeout = 1000 , Expected Op Command = 5 , Actual Op Reply = -1 , Expected Sync Command = * , Actual Sync Reply = * )",
[["DISCOVERY SEVERE", "", ""],
["", "initializing", "card"],
["card", "is", "VAR1"],
["state", "is", "COMMUNICATION_ERROR"],
["sequenceNumberIsOk", "is", "false"],
["ExpectedSequenceNumber", "is", "0"],
["Reply Sequence Number", "is", "-1"],
["timedOut", "is", "true"],
["retries", "is", "200"],
["timeout", "is", "1000"],
["Expected Op Command", "is", "5"],
["Actual Op Reply", "is", "-1"],
["Expected Sync Command", "is", "VAR6"],
["Actual Sync Reply", "is", "VAR7"],
["machine with LP of VAR2", "caught", "java.io.IOException"],
["", "Could not contact", "iDo"],
["LP", "is", "VAR3"],
["IP", "is", "VAR4"],
["Could not contact iDo", "because", "java.lang.RuntimeException"],
["DISCOVERY SEVERE", "While", "initializing VAR1 card"]]],

"10":["NULL DISCOVERY WARNING Problem communicating with service card , ido chip : * java.lang.IllegalStateException : while executing CONTROL Operation caught java.lang.RuntimeException : Communication error : ( DirectIDo for com.ibm.ido.DirectIDo object * is in state = COMMUNICATION_ERROR , sequenceNumberIsOk = false , ExpectedSequenceNumber = * , Reply Sequence Number = * , timedOut = true , retries = * , timeout = * , Expected Op Command = * , Actual Op Reply = * , Expected Sync Command = * , Actual Sync Reply = * )",
[["DISCOVERY WARNING Problem", "communicating with", "VAR1 card"],
["DISCOVERY WARNING", "", ""],
["", "", "Communication error"],
["state", "is", "COMMUNICATION_ERROR"],
["sequenceNumberIsOk", "is", "false"],
["ExpectedSequenceNumber", "is", "VAR3"],
["Reply Sequence Number", "is", "VAR4"],
["true", "is", "timedOut"],
["retries", "is", "VAR5"],
["timeout", "is", "VAR6"],
["Expected Op Command", "is", "VAR7"],
["Actual Op Reply", "is", "VAR8"],
["Expected Sync Command", "is", "VAR9"],
["Actual Sync Reply", "is", "VAR10"],
["caught java.lang.RuntimeException", "while", "executing CONTROL Operation"]]],

"11":["NULL MONITOR FAILURE While setting fan speed caught java.lang.IllegalStateException : while executing I2C Operation caught java.lang.IllegalStateException : client not in a usable state because java.lang.IllegalStateException : client not in a usable state because java.lang.IllegalStateException : client not in a usable state because java.lang.IllegalStateException : client not in a usable state because java.lang.IllegalStateException : client not in a usable state because java.net.SocketException : Broken pipe",
[["MONITOR FAILURE", "", ""],
["", "setting", "fan speed"],
["client", "not in", "usable state"],
["", "caught", "java.lang.IllegalStateException"],
["pipe", "is", "Broken"],
["MONITOR FAILURE", "While", "setting fan speed"],
["caught java.lang.IllegalStateException", "While", "setting fan speed"],
["caught java.lang.IllegalStateException", "while", "executing I2C Operation"],
["client not in a usable state", "because", "java.lang.IllegalStateException"]]],

"12":["NULL DISCOVERY SEVERE While initializing * card iDo with LP of * caught java.io.IOException : Could not contact iDo with LP = * and IP = * because java.lang.RuntimeException : Communication error : ( DirectIDo for Uninitialized DirectIDo for * is in state = COMMUNICATION_ERROR , sequenceNumberIsOk = false , ExpectedSequenceNumber = * , Reply Sequence Number = -1 , timedOut = true , retries = * , timeout = * , Expected Op Command = * , Actual Op Reply = * , Expected Sync Command = * , Actual Sync Reply = * )",
[["DISCOVERY SEVERE", "", ""],
["", "initializing", "card"],
["card", "is", "VAR1"],
["state", "is", "COMMUNICATION_ERROR"],
["sequenceNumberIsOk", "is", "false"],
["ExpectedSequenceNumber", "is", "VAR6"],
["Reply Sequence Number", "is", "-1"],
["timedOut", "is", "true"],
["retries", "is", "VAR7"],
["timeout", "is", "VAR8"],
["Expected Op Command", "is", "VAR9"],
["Actual Op Reply", "is", "VAR10"],
["Expected Sync Command", "is", "VAR11"],
["Actual Sync Reply", "is", "VAR12"],
["machine with LP of VAR2", "caught", "java.io.IOException"],
["", "Could not contact", "iDo"],
["LP", "is", "VAR3"],
["IP", "is", "VAR4"],
["Could not contact iDo", "because", "java.lang.RuntimeException"],
["DISCOVERY SEVERE", "While", "initializing VAR1 card"]]],

"13":["NULL MONITOR FAILURE While reading FanModule caught java.lang.IllegalStateException : while executing I2C Operation caught java.lang.IllegalStateException : client not in a usable state because java.lang.IllegalStateException : client not in a usable state because java.lang.IllegalStateException : client not in a usable state because java.lang.IllegalStateException : client not in a usable state because java.net.SocketException : Broken pipe",
[["MONITOR FAILURE", "", ""],
["", "reading", "FanModule"],
["client", "not in", "usable state"],
["", "caught", "java.lang.IllegalStateException"],
["pipe", "is", "Broken"],
["MONITOR FAILURE", "While", "reading FanModule"],
["caught java.lang.IllegalStateException", "While", "reading FanModule"],
["caught java.lang.IllegalStateException", "while", "executing I2C Operation"],
["client not in a usable state", "because", "java.lang.IllegalStateException"]]],

"14":["NULL DISCOVERY ERROR Node card status : ALERT 0 , ALERT 1 , ALERT 2 , ALERT 3 is ( are ) active. Clock Mode is Low. Clock Select is Midplane. Phy JTAG Reset is asserted. ASIC JTAG Reset is not asserted. Temperature Mask is not active. No temperature error. Temperature Limit Error Latch is clear. PGOOD is asserted. PGOOD error latch is clear. MPGOOD is OK. MPGOOD error latch is clear. The 2.5 volt rail is OK. The 1.5 volt rail is OK.",
[["DISCOVERY ERROR", "", ""],
["Node card status", "", ""],
["ALERT 0", "is", "active"],
["ALERT 1", "is", "active"],
["ALERT 2", "is", "active"],
["ALERT 3", "is", "active"],
["Clock Mode", "is", "Low"],
["Clock Select", "is", "Midplane"],
["Phy JTAG Reset", "is", "asserted"],
["ASIC JTAG Reset", "is not", "asserted"],
["Temperature Mask", "is not", "active"],
["Temperature Limit Error Latch", "is", "clear"],
["PGOOD", "is", "asserted"],
["PGOOD error latch", "is", "clear"],
["MPGOOD error latch", "is", "clear"],
["The 2.5 volt rail", "is", "OK"],
["The 1.5 volt rail", "is", "OK"]]],

"15":["NULL DISCOVERY ERROR Node card status : ALERT 0 , ALERT 1 , ALERT 2 , ALERT 3 is ( are ) active. Clock Mode is Low. Clock Select is Midplane. Phy JTAG Reset is asserted. ASIC JTAG Reset is not asserted. TEMPERATURE MASK IS ACTIVE. No temperature error. Temperature Limit Error Latch is clear. PGOOD is asserted. PGOOD error latch is clear. MPGOOD is OK. MPGOOD error latch is clear. The 2.5 volt rail is OK. The 1.5 volt rail is OK.",
[["DISCOVERY ERROR", "", ""],
["Node card status", "", ""],
["ALERT 0", "is", "active"],
["ALERT 1", "is", "active"],
["ALERT 2", "is", "active"],
["ALERT 3", "is", "active"],
["Clock Mode", "is", "Low"],
["Clock Select", "is", "Midplane"],
["Phy JTAG Reset", "is", "asserted"],
["ASIC JTAG Reset", "is not", "asserted"],
["Temperature Mask", "is not", "active"],
["Temperature Limit Error Latch", "is", "clear"],
["PGOOD", "is", "asserted"],
["PGOOD error latch", "is", "clear"],
["MPGOOD error latch", "is", "clear"],
["The 2.5 volt rail", "is", "OK"],
["The 1.5 volt rail", "is", "OK"]]],

"16":["NULL DISCOVERY ERROR Node card status : no ALERTs are active. Clock Mode is Low. Clock Select is Midplane. Phy JTAG Reset is asserted. ASIC JTAG Reset is not asserted. Temperature Mask is not active. No temperature error. Temperature Limit Error Latch is clear. PGOOD IS NOT ASSERTED. PGOOD ERROR LATCH IS ACTIVE. MPGOOD IS NOT OK. MPGOOD ERROR LATCH IS ACTIVE. THE 2.5 VOLT RAIL IS NOT OK. THE 1.5 VOLT RAIL IS NOT OK.",
[["DISCOVERY ERROR", "", ""],
["Node card status", "", ""],
["no ALERTs", "are", "active"],
["Clock Mode", "is", "Low"],
["Clock Select", "is", "Midplane"],
["Phy JTAG Reset", "is", "asserted"],
["ASIC JTAG Reset", "is not", "asserted"],
["Temperature Mask", "is not", "active"],
["ERROR LATCH", "IS", "ACTIVE"],
["Temperature Limit Error Latch", "is", "clear"],
["PGOOD", "IS NOT", "ASSERTED"],
["PGOOD ERROR LATCH", "IS", "ACTIVE"],
["MPGOOD", "IS NOT", "OK"],
["THE 2.5 VOLT RAIL", "IS NOT", "OK"],
["THE 1.5 VOLT RAIL", "IS NOT", "OK"]]],

"17":["NULL DISCOVERY ERROR Node card status : no ALERTs are active. Clock Mode is Low. Clock Select is Midplane. Phy JTAG Reset is asserted. ASIC JTAG Reset is asserted. Temperature Mask is not active. No temperature error. Temperature Limit Error Latch is clear. PGOOD IS NOT ASSERTED. PGOOD ERROR LATCH IS ACTIVE. MPGOOD IS NOT OK. MPGOOD ERROR LATCH IS ACTIVE. THE 2.5 VOLT RAIL IS NOT OK. THE 1.5 VOLT RAIL IS NOT OK.",
[["DISCOVERY ERROR", "", ""],
["Node card status", "", ""],
["no ALERTs", "are", "active"],
["Clock Mode", "is", "Low"],
["Clock Select", "is", "Midplane"],
["Phy JTAG Reset", "is", "asserted"],
["ASIC JTAG Reset", "is", "asserted"],
["Temperature Mask", "is not", "active"],
["Temperature Limit Error Latch", "is", "clear"],
["PGOOD", "IS NOT", "ASSERTED"],
["PGOOD ERROR LATCH", "IS", "ACTIVE"],
["MPGOOD", "IS NOT", "OK"],
["MPGOOD ERROR LATCH", "IS", "ACTIVE"],
["THE 2.5 VOLT RAIL", "IS NOT", "OK"],
["THE 1.5 VOLT RAIL", "IS NOT", "OK"]]],

"18":["NULL DISCOVERY ERROR Node card status : no ALERTs are active. Clock Mode is Low. Clock Select is Midplane. Phy JTAG Reset is asserted. ASIC JTAG Reset is not asserted. Temperature Mask is not active. No temperature error. Temperature Limit Error Latch is clear. PGOOD IS NOT ASSERTED. PGOOD ERROR LATCH IS ACTIVE. MPGOOD IS NOT OK. MPGOOD ERROR LATCH IS ACTIVE. The 2.5 volt rail is OK. THE 1.5 VOLT RAIL IS NOT OK.",
[["DISCOVERY ERROR", "", ""],
["Node card status", "", ""],
["no ALERTs", "are", "active"],
["Clock Mode", "is", "Low"],
["Clock Select", "is", "Midplane"],
["Phy JTAG Reset", "is", "asserted"],
["ASIC JTAG Reset", "is", "asserted"],
["Temperature Mask", "is not", "active"],
["ERROR LATCH", "IS", "ACTIVE"],
["Temperature Limit Error Latch", "is", "clear"],
["PGOOD", "IS NOT", "ASSERTED"],
["PGOOD ERROR LATCH", "IS", "ACTIVE"],
["MPGOOD", "IS NOT", "OK"],
["MPGOOD ERROR LATCH", "IS", "ACTIVE"],
["THE 2.5 VOLT RAIL", "IS NOT", "OK"],
["THE 1.5 VOLT RAIL", "IS NOT", "OK"]]],

"19":["NULL DISCOVERY ERROR Node card status : no ALERTs are active. Clock Mode is Low. Clock Select is Midplane. Phy JTAG Reset is asserted. ASIC JTAG Reset is not asserted. Temperature Mask is not active. No temperature error. Temperature Limit Error Latch is clear. PGOOD IS NOT ASSERTED. PGOOD ERROR LATCH IS ACTIVE. MPGOOD IS NOT OK. MPGOOD ERROR LATCH IS ACTIVE. The 2.5 volt rail is OK. The 1.5 volt rail is OK.",
[["DISCOVERY ERROR", "", ""],
["Node card status", "", ""],
["no ALERTs", "are", "active"],
["Clock Mode", "is", "Low"],
["Clock Select", "is", "Midplane"],
["Phy JTAG Reset", "is", "asserted"],
["ASIC JTAG Reset", "is not", "asserted"],
["Temperature Mask", "is not", "active"],
["ERROR LATCH", "IS", "ACTIVE"],
["Temperature Limit Error Latch", "is", "clear"],
["PGOOD", "IS NOT", "ASSERTED"],
["PGOOD ERROR LATCH", "IS", "ACTIVE"],
["MPGOOD", "IS NOT", "OK"],
["MPGOOD ERROR LATCH", "IS", "ACTIVE"],
["The 2.5 volt rail", "is", "OK"],
["The 1.5 volt rail", "is", "OK"]]],

"20":["NULL DISCOVERY ERROR Node card status : no ALERTs are active. Clock Mode is Low. Clock Select is Midplane. Phy JTAG Reset is asserted. ASIC JTAG Reset is asserted. Temperature Mask is not active. No temperature error. Temperature Limit Error Latch is clear. PGOOD IS NOT ASSERTED. PGOOD ERROR LATCH IS ACTIVE. MPGOOD is OK. MPGOOD ERROR LATCH IS ACTIVE. The 2.5 volt rail is OK. The 1.5 volt rail is OK.",
[["DISCOVERY ERROR", "", ""],
["Node card status", "", ""],
["no ALERTs", "are", "active"],
["Clock Mode", "is", "Low"],
["Clock Select", "is", "Midplane"],
["Phy JTAG Reset", "is", "asserted"],
["ASIC JTAG Reset", "is", "asserted"],
["Temperature Mask", "is not", "active"],
["ERROR LATCH", "IS", "ACTIVE"],
["Temperature Limit Error Latch", "is", "clear"],
["PGOOD", "IS NOT", "ASSERTED"],
["PGOOD ERROR LATCH", "IS", "ACTIVE"],
["MPGOOD", "is", "OK"],
["MPGOOD ERROR LATCH", "IS", "ACTIVE"],
["The 2.5 volt rail", "is", "OK"],
["The 1.5 volt rail", "is", "OK"]]],

"21":["NULL MONITOR FAILURE While setting fan speed caught java.lang.IllegalStateException : while executing I2C Operation caught java.lang.IllegalStateException : client not in a usable state because java.lang.IllegalStateException : client not in a usable state because java.lang.IllegalStateException : client not in a usable state because java.net.SocketException : Broken pipe",
[["MONITOR FAILURE", "", ""],
["", "setting", "fan speed"],
["client", "not in", "usable state"],
["", "caught", "java.lang.IllegalStateException"],
["pipe", "is", "Broken"],
["MONITOR FAILURE", "While", "setting fan speed"],
["caught java.lang.IllegalStateException", "While", "setting fan speed"],
["caught java.lang.IllegalStateException", "while", "executing I2C Operation"],
["client not in a usable state", "because", "java.lang.IllegalStateException"]]],

"22":["( * ) iar 0x00544eb8 , dear * ( * RAS KERNEL INFO Kernel detected * integer alignment exceptions ( * ) iar 0x00544ea8 , dear * ( * ) iar 0x00544eb8 , dear * ( * ) iar 0x00544ea8 , dear * ( * ) iar 0x00544eb8 , dear * ( * ) iar 0x00544ee0 , dear * ( * ) iar 0x00544ef0 , dear * ( * ) iar 0x00544ee0 , dear * ( * ) iar 0x00544ef0 , dear *",
[["Kernel", "detected", "integer alignment exceptions"]]],

"23":["NULL MONITOR FAILURE While reading FanModule caught java.lang.IllegalStateException : while executing I2C Operation caught java.lang.IllegalStateException : client not in a usable state because java.lang.IllegalStateException : client not in a usable state because java.net.SocketException : Broken pipe",
[["MONITOR FAILURE", "", ""],
["", "reading", "FanModule"],
["client", "not in", "usable state"],
["", "caught", "java.lang.IllegalStateException"],
["pipe", "is", "Broken"],
["MONITOR FAILURE", "While", "reading FanModule"],
["caught java.lang.IllegalStateException", "While", "reading FanModule"],
["caught java.lang.IllegalStateException", "while", "executing I2C Operation"],
["client not in a usable state", "because", "java.lang.SocketException"]]],

"24":["NULL DISCOVERY ERROR Node card status : no ALERTs are active. Clock Mode is Low. Clock Select is Midplane. Phy JTAG Reset is asserted. ASIC JTAG Reset is * OK. MPGOOD ERROR LATCH IS ACTIVE. The 2.5 volt rail is OK. The 1.5 volt rail is OK.",
[["DISCOVERY ERROR", "", ""],
["Node card status", "", ""],
["no ALERTs", "are", "active"],
["Clock Mode", "is", "Low"],
["Clock Select", "is", "Midplane"],
["Phy JTAG Reset", "is", "asserted"],
["ASIC JTAG Reset", "is", "OK"],
["MPGOOD ERROR LATCH", "IS", "ACTIVE"],
["The 2.5 volt rail", "is", "OK"],
["The 1.5 volt rail", "is", "OK"]]],

"25":["NULL MONITOR FAILURE While setting fan speed caught java.lang.IllegalStateException : while executing I2C Operation caught java.lang.IllegalStateException : client not in a usable state because java.net.SocketException : Broken pipe",
[["MONITOR FAILURE", "", ""],
["", "setting", "fan speed"],
["client", "not in", "usable state"],
["", "caught", "java.lang.IllegalStateException"],
["pipe", "is", "Broken"],
["MONITOR FAILURE", "While", "setting fan speed"],
["caught java.lang.IllegalStateException", "While", "setting fan speed"],
["caught java.lang.IllegalStateException", "while", "executing I2C Operation"],
["client not in a usable state", "because", "java.lang.SocketException"]]],

"26":["RAS KERNEL INFO Kernel detected * integer alignment exceptions ( * ) iar * , dear * ( * ) iar * , dear * ( * ) iar * , dear * ( * ) iar * , dear * ( * ) iar * , dear * ( * ) iar * , dear * ( * ) iar * , dear * ( * ) iar * , dear *",
[["Kernel", "detected", "integer alignment exceptions"]]],

"27":["NULL HARDWARE WARNING com.ibm.bgldevices.BulkPowerModule with VPD of com.ibm.bgldevices.BulkPowerModule$VpdReply : IBM Part Number : 53P5763 , Vendor : Cherokee International , Vendor Serial Number : 4274124 , Assembly Revision :",
[["HARDWARE WARNING", "", ""],
["IBM Part Number", "is", "53P5763"],
["Vendor Serial Number", "is", "4274124"]]],

"28":["RAS MMCS ERROR idoproxydb hit ASSERT condition : ASSERT expression = ! ( nMsgLen > 0x10000 ) Source file = idomarshalerio.cpp Source line = 1929 Function = int IdoMarshalerRecvBuffer : : ReadBlock ( IdoMsg : : IdoMsgHdr*& )",
[["RAS MMCS ERROR", "", ""],
["idoproxydb", "hit", "ASSERT condition"],
["Source file", "is", "idomarshalerio.cpp"],
["Source line", "is", "1929"],
["Function", "is", "int"]]],

"29":["interrupts , 0 microseconds max time in a cr RAS KERNEL INFO * total interrupts. 0 critical input interrupts. 0 microseconds total spent on critical input interrupts , 0 microseconds max time in a critical input interrupt.",
[["total interrupts", "is", "VAR1"], 
["0 microseconds total", "spent on", "critical input interrupts"]]],

"30":["RAS MMCS ERROR idoproxydb hit ASSERT condition : ASSERT expression = ! ( RecvMsgHdr.ulLen > 0x10000 ) Source file = idomarshalerio.cpp Source line = * Function = virtual int IdoMarshalerIo : : RunRecv ( )",
[["RAS MMCS ERROR", "", ""],
["idoproxydb", "hit", "ASSERT condition"],
["Source file", "is", "idomarshalerio.cpp"],
["Source line", "is", "VAR1"],
["Function", "is", "virtual int"]]],

"31":["RAS MMCS ERROR idoproxydb hit ASSERT condition : ASSERT expression = 0 Source file = idotransportmgr.cpp Source line = 1043 Function = int IdoTransportMgr : : SendPacket ( IdoUdpMgr* , BglCtlPavTrace* )",
[["RAS MMCS ERROR", "", ""],
["idoproxydb", "hit", "ASSERT condition"],
["ASSERT expression", "is", "0"],
["Source file", "is", "idotransportmgr.cpp"],
["Source line", "is", "1043"],
["Function", "is", "int"]]],

"32":["for a single instance of a correctable ddr. RAS KERNEL INFO 0 microseconds spent in the rbs signal handler during 0 calls. 0 microseconds was the maximum time for a single instance of a correctable ddr.",
[["0 microseconds", "spent in", "the rbs signal handler"],
["0 microseconds", "was the maximum time for", "a single instance of a correctable ddr"]]],

"33":["RAS MMCS INFO mmcs_db_server has been started : ./mmcs_db_server --useDatabase BGL --dbproperties serverdb.properties --iolog /bgl/BlueLight/logs/BGL --reconnect-blocks all --no-reconnect-blocks",
[["mmcs_db_server", "has been", "started"],
["useDatabase", "is", "BGL"],
["dbproperties", "is", "serverdb.properties"],
["iolog", "is", "/bgl/BlueLight/logs/BGL "],
["reconnect-blocks", "is", "all"],
["no-reconnect-blocks", "", ""]]],

"34":["RAS KERNEL INFO ddr : Unable to steer rank = 0 , symbol = * - rank is already steering symbol * Due to multiple symbols being over the correctable error threshold , consider replacing the card",
[["", "Unable to steer", "rank"],
["rank", "is", "0"],
["symbol", "is", "VAR1"],
["rank", "is already steering", "symbol VAR2"],
["multiple symbols", "being over", "the correctable error threshold"],
["", "consider replacing", "the card"],
["rank is already steering symbol VAR2", "Due to", "multiple symbols being over the correctable error threshold"]]],

"35":["RAS MMCS ERROR idoproxydb hit ASSERT condition : ASSERT expression = pTargetMgr Source file = idoclientmgr.cpp Source line = 353 Function = int IdoClientMgr : : TargetClose ( const char* )",
[["RAS MMCS ERROR", "", ""],
["idoproxydb", "hit", "ASSERT condition"],
["ASSERT expression", "is", "pTargetMgr"],
["Source file", "is", "idoclientmgr.cpp"],
["Source line", "is", "353"],
["Function", "is", "int"]]],

"36":["NULL DISCOVERY * While initializing node card , ido with LP of * caught java.lang.IllegalStateException : IDo is not in functional state -- currently in state COMMUNICATION_ERROR",
[["DISCOVERY VAR1", "", ""],
["", "initializing", "node card"],
["IDo", "is not in ", "functional state"],
["ido", "caught", "java.lang.NullPointerException"],
["DISCOVERY VAR1", "While", "initializing node card"]]],

"37":["RAS KERNEL INFO * total interrupts. * critical input interrupts. * microseconds total spent on critical input interrupts , * microseconds max time in a critical input interrupt.",
[["total interrupts", "is", "VAR1"], 
["VAR2 microseconds total", "spent on", "critical input interrupts"]]],

"38":["RAS MMCS INFO mmcs_db_server has been started : ./mmcs_db_server --useDatabase BGL --dbproperties * --iolog /bgl/BlueLight/logs/BGL --reconnect-blocks all --shutdown-timeout *",
[["mmcs_db_server", "has been", "started"],
["useDatabase", "is", "BGL"],
["dbproperties", "is", "VAR1"],
["iolog", "is", "/bgl/BlueLight/logs/BGL "],
["reconnect-blocks", "is", "all"],
["shutdown-timeout", "is", "VAR2"]]],

"39":["RAS MMCS INFO mmcs_db_server has been started : * --useDatabase BGL --dbproperties db.properties --iolog * --reconnect-blocks all --shutdown-timeout * --shutdown-timeout 240",
[["mmcs_db_server", "has been", "started"],
["useDatabase", "is", "BGL"],
["dbproperties", "is", "db.properties"],
["iolog", "is", "VAR2"],
["reconnect-blocks", "is", "all"],
["shutdown-timeout", "is", "VAR2"]]],

"40":["NULL MONITOR FAILURE Hardware monitor caught java.lang.IllegalStateException : while executing I2C Operation caught java.net.SocketException : Broken pipe and is stopping",
[["MONITOR FAILURE", "", ""],
["Hardware monitor", "caught", "java.lang.IllegalStateException"],
["pipe", "is", "Broken"],
["pipe", "is", "stopping"],
["caught java.lang.SocketException", "while", "executing I2C Operation"]]],

"41":["RAS KERNEL INFO external input interrupt ( unit = 0x01 bit = 0x09 ) : number of corrected SRAM errors has exceeded threshold , suppressing further interrupts of same type",
[["external input", "interrupt", ""],
["number of corrected SRAM errors", "has exceeded", "threshold"],
["", "suppressing", "further interrupts"],
["unit", "is", "0x01"],
["bit", "is", "0x09"]]],

"42":["RAS BGLMASTER INFO BGLMaster has been started : * --consoleip * --consoleport * --configfile bglmaster.init --autorestart y --db2profile * --dbproperties db.properties",
[["BGLMaster", "has been", "started"],
["consoleip", "is", "VAR2"],
["consoleport", "is", "VAR3"],
["configfile", "is", "bglmaster.init"],
["autorestart", "is", "y"],
["db2profile", "is", "VAR4"],
["dbproperties", "is", "db.properties"]]],

"43":["NULL MONITOR FAILURE While reading FanModule caught java.lang.IllegalStateException : while executing I2C Operation caught java.net.SocketException : Broken pipe",
[["MONITOR FAILURE", "", ""],
["", "reading", "FanModule"],
["client", "not in", "usable state"],
["", "caught", "java.lang.IllegalStateException"],
["pipe", "is", "Broken"],
["MONITOR FAILURE", "While", "reading FanModule"],
["caught java.lang.IllegalStateException", "While", "reading FanModule"],
["caught java.lang.IllegalStateException", "while", "executing I2C Operation"],
["client not in a usable state", "because", "java.lang.SocketException"]]],

"44":["NULL MONITOR FAILURE monitor caught java.lang.IllegalStateException : while executing * Operation caught java.net.SocketException : Broken pipe and is stopping",
[["MONITOR FAILURE", "", ""],
["monitor", "caught", "java.lang.IllegalStateException"],
["pipe", "is", "Broken"],
["pipe", "is", "stopping"],
["caught java.lang.SocketException", "while", "executing VAR1 Operation"]]],

"45":["RAS KERNEL INFO * microseconds spent in the rbs signal handler during * calls. * microseconds was the maximum time for a single instance of a correctable ddr.",
[["VAR1 microseconds", "spent in", "the rbs signal handler"],
["VAR1 microseconds", "spent during", "VAR2 calls"],
["VAR3 microseconds", "was the maximum time for", "a single instance of a correctable ddr"]]],

"46":["NULL HARDWARE WARNING PrepareForService shutting down * ( mLctn ( * ) , mCardSernum ( * ) , mLp ( * ) , mIp ( * ) , mType ( * ) ) as part of Service Action *",
[["PrepareForService", "shutting down", "VAR1"]]],

"47":["RAS KERNEL FATAL rts : kernel terminated for reason 1002rts : bad message header : too many packets , type = 0 , cpu = 0 , index = * , total = * , max = *",
[["kernel", "terminated", ""],
["bad message header", "", ""],
["too many packets", "", ""],
["type", "is", "0"],
["cpu", "is", "0"],
["index", "is", "VAR1"],
["total", "is", "VAR2"],
["max", "is", "VAR3"]]],

"48":["RAS KERNEL FATAL rts : kernel terminated for reason 1002rts : bad message header : too many packets , type = * , cpu = 0 , index = * , total = 0 , max =",
[["kernel", "terminated", ""],
["bad message header", "", ""],
["too many packets", "", ""],
["type", "is", "VAR1"],
["cpu", "is", "0"],
["index", "is", "VAR2"],
["total", "is", "0"]]],

"49":["RAS KERNEL FATAL state register : machine state register : machine state register : machine state register : machine state register : machine state re",
[["", "", ""]]], 

"50":["RAS KERNEL FATAL gister : machine state register : machine state register : machine state register : machine state register : machine state register :",
[["", "", ""]]],

"51":["RAS KERNEL FATAL machine state register : machine state register : machine state register : machine state register : machine state register : machine",
[["", "", ""]]],

"52":["RAS KERNEL INFO ddr : Unable to steer rank = 0 , symbol = * - rank is already steering symbol * Due to multiple symbols being over the correctable e",
[["", "Unable to steer", "rank"],
["rank", "is", "0"],
["symbol", "is", "VAR1"],
["rank", "is steering", "symbol VAR2"],
["multiple symbols", "being over", ""],
["rank is already steering symbol VAR2", "Due to", "multiple symbols being over"]]],

"53":["RAS KERNEL FATAL rts : kernel terminated for reason 1002rts : bad message header : too many packets , type = * , cpu = 0 , index = * , total = * , *",
[["kernel", "terminated", ""],
["bad message header", "", ""],
["too many packets", "", ""],
["type", "is", "VAR1"],
["cpu", "is", "0"],
["index", "is", "VAR2"],
["total", "is", "VAR3"]]],

"54":["RAS KERNEL INFO ciod : Error opening node map file /home/williams/miranda/src/res-apc-strong2-bgl-8192-8Kmap-15 : * : * , No such file or directory",
[["Error", "opening", "node map file"], 
["No such file", "", ""],
["No such directory", "", ""],
["No such file", "or", "directory"]]],

"55":["NULL MONITOR FAILURE monitor caught java.lang.IllegalStateException : while executing CONTROL Operation caught java.io.EOFException and is stopping",
[["MONITOR FAILURE", "", ""],
["monitor", "caught", "java.lang.IllegalStateException"],
["", "is", "stopping"],
["caught java.lang.EOFException", "while", "executing CONTROL Operation"]]],

"56":["RAS KERNEL FATAL rts : kernel terminated for reason 1002rts : bad message header : too many packets , type = * , cpu = 0 , index = * , total = * ,",
[["kernel", "terminated", ""],
["bad message header", "", ""],
["too many packets", "", ""],
["type", "is", "VAR1"],
["cpu", "is", "0"],
["index", "is", "VAR2"],
["total", "is", "VAR3"]]],

"57":["NULL HARDWARE WARNING PrepareForService is being done on this * ( mLctn ( * ) , mCardSernum ( * ) , mLp ( * ) , mIp ( * ) , mType ( * ) ) by *",
[["PrepareForService", "is being done on", "this VAR1"],
["PrepareForService", "is being by", "VAR7"]]],

"58":["NULL HARDWARE WARNING PrepareForService is being done on this Midplane ( mLctn ( * ) , mCardSernum ( * ) , iWhichCardsToPwrOff ( * ) ) by root",
[["PrepareForService", "is being done on", "this Midplane"],
["PrepareForService", "is being done by", "root"]]],

"59":["RAS KERNEL FATAL rts : kernel terminated for reason 1001rts : bad message header : invalid cpu , type = * , cpu = * , index = * , total = *",
[["kernel", "terminated", ""],
["bad message header", "", ""],
["type", "is", "VAR1"],
["cpu", "is", "VAR2"],
["index", "is", "VAR3"],
["total", "is", "VAR4"]]],

"60":["RAS KERNEL INFO ddr : Unable to steer rank = 0 , symbol = * - rank is already steering symbol * Due to multiple symbols being over the *",
[["", "Unable to steer", "rank"],
["rank", "is", "0"],
["symbol", "is", "VAR1"],
["rank", "is steering", "symbol VAR2"],
["multiple symbols", "being over", "the VAR3"],
["rank is already steering symbol VAR2", "Due to", "multiple symbols being over the VAR3"]]],

"61":["NULL DISCOVERY SEVERE Error getting detailed hw info for node , caught java.io.IOException : Problems with the chip , clear all resets",
[["DISCOVERY SEVERE", "", ""],
["Error", "getting", "detailed hw info"],
["Problems with the chip", "", ""],
["", "caught", "java.io.IOException"],
["", "clear", "all resets"]]],

"62":["NULL DISCOVERY SEVERE Error getting detailed hw info for node , caught java.io.IOException : Problems with the chip , could not * * *",
[["DISCOVERY SEVERE", "", ""],
["Error", "getting", "detailed hw info"],
["Problems with the chip", "", ""],
["", "caught", "java.io.IOException"],
["", "clear", "all resets"]]],

"63":["RAS KERNEL INFO critical input interrupt ( unit = 0x0b bit = * ) : warning for * * wire , suppressing further interrupts of same type",
[["critical input", "interrupt", ""],
["", "suppressing", "further interrupts"],
["unit", "is", "0x01"],
["bit", "is", "0x09"]]],

"64":["RAS BGLMASTER INFO BGLMaster has been started : ./BGLMaster --consoleip 127.0.0.1 --consoleport 32035 --configfile bglmaster.init",
[["BGLMaster", "has been", "started"],
["consoleip", "is", "127.0.0.1"],
["consoleport", "is", "32035"],
["configfile", "is", "bglmaster.init"]]],

"65":["RAS KERNEL FATAL Target = ido : * Message = Invalid JtagId = * Run environmental monitor to diagnose possible hardware failure.",
[["", "Run", "environmental monitor"],
["", "diagnose", "possible hardware failure"]]],

"66":["RAS KERNEL FATAL rts : bad message header : index 0 greater than total 0 ( softheader = * ) PSR0 = * PSR1 = * PRXF = * PIXF = *",
[["bad message header", "", ""],
["index 0", "greater than", "total 0"],
["softheader", "is", "VAR1"],
["PSR0", "is", "VAR2"],
["PSR1", "is", "VAR3"],
["PRXF", "is", "VAR4"],
["PIXF", "is", "VAR5"]]],

"67":["RAS MMCS INFO idoproxydb has been started : $Name : * $ Input parameters : -enableflush -loguserinfo db.properties BlueGene1",
[["idoproxydb", "has been", "started"],
["Name", "is", "VAR1"]]],

"68":["RAS KERNEL INFO external input interrupt ( unit = 0x01 bit = 0x09 ) : number of corrected SRAM errors has exceeded threshold",
[["external input", "interrupt", ""],
["number of corrected SRAM errors", "has exceeded", "threshold"],
["unit", "is", "0x01"],
["bit", "is", "0x09"]]],

"69":["RAS KERNEL FATAL rts : kernel terminated for reason * : bad message header : * , type = * , cpu = 0 , index = * , total = *",
[["kernel", "terminated", ""],
["bad message header", "", ""],
["type", "is", "VAR2"],
["cpu", "is", "0"],
["index", "is", "VAR3"],
["total", "is", "VAR4"]]],

"70":["NULL MONITOR FAILURE monitor caught java.lang.UnsupportedOperationException : power module * not present and is stopping",
[["MONITOR FAILURE", "", ""],
["monitor", "caught", "java.lang.UnsupportedOperationException"],
["power module VAR1", "not present", ""],
["power module VAR1", "is", "stopping"]]],

"71":["NULL HARDWARE WARNING PrepareForService shutting down * card *, mIp ( * ) , mType ( * ) ) as part of Service Action *",
[["PrepareForService", "shutting down", "VAR1 card VAR2"]]],

"72":["RAS MMCS INFO mmcs_db_server has been started : * --useDatabase BGL --dbproperties * --iolog * --reconnect-blocks all",
[["mmcs_db_server", "has been", "started"],
["useDatabase", "is", "BGL"],
["dbproperties", "is", "VAR2"],
["iolog", "is", "VAR3"],
["reconnect-blocks", "is", "all"]]],

"73":["NULL SERV_NET ERROR DeclareServiceNetworkCharacteristics has been run with the force option but the DB is not empty",
[["SERV_NET ERROR", "", ""],
["DeclareServiceNetworkCharacteristics", "has been run", ""],
["DeclareServiceNetworkCharacteristics", "has been run with", "the force option"],
["the DB", "is not", "empty"]]],

"74":["RAS KERNEL FATAL idoproxy communication failure : BGLERR_IDO_PKT_TIMEOUT connection lost to node/link/service card",
[["idoproxy communication", "failure", ""],
["connection", "lost to", "node/link/service card"]]],

"75":["RAS APP FATAL ciod : Error reading message prefix on CioStream socket to 172.16.96.116 : * , Connection timed out",
[["Error", "reading", "message prefix"],
["Connection", "timed out", ""]]],

"76":["NULL HARDWARE WARNING PrepareForService is being done on this Midplane ( mLctn ( * ) , mCardSernum ( * ) ) by *",
[["PrepareForService", "is being done on", "this Midplane"],
["PrepareForService", "is being done by", "VAR3"]]],

"77":["NULL DISCOVERY SEVERE While initializing node card , ido with LP of * caught java.lang.NullPointerException",
[["DISCOVERY SEVERE", "", ""],
["", "initializing", "node card"],
["IDo", "is not in ", "functional state"],
["ido", "caught", "java.lang.NullPointerException"],
["DISCOVERY SEVERE", "While", "initializing node card"]]],

"78":["RAS APP FATAL ciod : Error loading * -n 1800 : invalid or missing program image , No such file or directory",
[["Error", "loading", "VAR1"],
["n", "is", "1800"],
["", "invalid or missing", "program image"],
["No such file", "", ""],
["No such directory", "", ""],
["No such file", "or", "directory"]]],

"79":["RAS KERNEL INFO ciod : In packet from node * ( * : * ) , message still ready for node * ( softheader = * )",
[["In packet", "", ""],
["softheader", "is", "VAR5"]]],

"80":["RAS KERNEL INFO L1 DCACHE summary averages : #ofDirtyLines : * out of 1024 #ofDirtyDblWord : * out of 4096",
[["L1 DCACHE summary averages", "", ""]]],

"81":["NULL HARDWARE WARNING EndServiceAction is restarting the * cards in Midplane * as part of Service Action *",
[["EndServiceAction", "is restarting", "the VAR1 cards in Midplane VAR2"]]],

"82":["NULL DISCOVERY * Node card VPD check : * node in processor card slot * do not match. VPD ecid * , found *",
[["card slot", "do not match", ""]]],

"83":["RAS KERNEL INFO * torus receiver * input pipe error ( s ) ( dcr * ) detected and corrected over * seconds",
[["input pipe error", "detected", ""],
["input pipe error", "corrected", ""]]],

"84":["RAS KERNEL INFO ciod : In packet from node * ( * : * ) , message code 2 is not 3 or * ( softheader = * )",
[["In packet", "", ""],
["softheader", "is", "VAR5"]]],

"85":["RAS KERNEL FATAL rts : bad message header : * ( softheader = * ) PSR0 = * PSR1 = * PRXF = * PIXF = *",
[["bad message header", "", ""],
["softheader", "is", "VAR2"],
["PSR0", "is", "VAR3"],
["PSR1", "is", "VAR4"],
["PRXF", "is", "VAR5"],
["PIXF", "is", "VAR6"]]],

"86":["NULL HARDWARE WARNING EndServiceAction is restarting the * in midplane * as part of Service Action *",
[["EndServiceAction", "is restarting", "the VAR1 in midplane VAR2"]]],

"87":["RAS APP FATAL ciod : Error loading * : invalid or missing program image , No such file or directory",
[["Error", "loading", "VAR1"],
["", "invalid or missing", "program image"],
["No such file", "", ""],
["No such directory", "", ""],
["No such file", "or", "directory"]]],

"88":["NULL DISCOVERY ERROR Missing reverse cable : Cable * is present BUT the reverse cable * is missing",
[["DISCOVERY ERROR", "", ""],
["", "Missing", "reverse cable"],
["Cable", "is", "present"],
["Cable", "is", "VAR1"],
["the reverse cable", "is", "missing"],
["the reverse cable", "is", "VAR2"]]],

"89":["RAS KERNEL INFO ddr : activating redundant bit steering for next allocation : rank = 0 symbol = *",
[["", "activating", "redundant bit steering"],
["rank", "is", "0"],
["symbol", "is", "VAR1"]]],

"90":["RAS KERNEL FATAL Error receiving packet on tree network , * PSR0 = * PSR1 = * PRXF = * PIXF = *",
[["Error", "receiving", "packet"],
["PSR0", "is", "VAR2"],
["PSR1", "is", "VAR3"],
["PRXF", "is", "VAR4"],
["PIXF", "is", "VAR5"]]],

"91":["NULL MONITOR FAILURE While inserting monitor info into DB caught java.lang.NullPointerException",
[["MONITOR FAILURE", "", ""],
["", "inserting", "monitor info"],
["", "inserting into", "DB"],
["", "caught", "java.lang.NullPointerException"],
["MONITOR FAILURE", "While", "inserting monitor info into DB"],
["caught java.lang.NullPointerException", "While", "inserting monitor info into DB"]]],

"92":["NULL SERV_NET WARNING DeclareServiceNetworkCharacteristics has been run but the DB is not empty",
[["DeclareServiceNetworkCharacteristics", "has been run", ""],
["the DB", "is not", "empty"]]],

"93":["NULL DISCOVERY INFO Node card VPD check : missing * node , VPD ecid * in processor card slot *",
[["", "missing", "VAR1 node"]]],

"94":["NULL MONITOR FAILURE power module status fault detected on node card. status registers are : *",
[["MONITOR FAILURE", "", ""],
["status registers", "are", "VAR1"],
["power module status fault", "detected", ""],
["power module status fault", "detected on", "node card"]]],

"95":["NULL MONITOR * Hardware monitor caught java.net.SocketException : Broken pipe and is stopping",
[["MONITOR VAR1", "", ""],
["Hardware monitor", "caught", "java.net.SocketException"],
["pipe", "is", "Broken"],
["pipe", "is", "stopping"]]],

"96":["RAS APP FATAL ciod : Error creating node map from file my_map.txt : No such file or directory",
[["Error", "creating", "node map"],
["No such file", "", ""],
["No such directory", "", ""],
["No such file", "or", "directory"]]],

"97":["RAS APP FATAL ciod : failed to read message prefix on control stream ( CioStream socket to *",
[["", "failed to read", "message prefix"],
["", "failed to read on", "control stream"]]],

"98":["RAS KERNEL INFO ciod : sendMsgToDebugger : error sending PROGRAM_EXITED message to debugger.",
[["error", "sending", "PROGRAM_EXITED message"],
["error", "sending to", "debugger"]]],

"99":["RAS KERNEL FATAL MailboxMonitor : : serviceMailboxes ( ) lib_ido_error : -1019 socket closed",
[["socket", "closed", ""]]],

"100":["RAS APP FATAL ciod : Error loading * : invalid or missing program image , Permission denied",
[["Error", "loading", "VAR1"],
["", "invalid or missing", "program image"],
["Permission", "denied", ""]]],

"101":["RAS KERNEL FATAL Error sending packet on tree network , packet at address * is not aligned",
[["Error", "sending", "packet"],
["packet", "is not", "aligned"],
["address", "is", "VAR1"]]],

"102":["RAS KERNEL FATAL machine check interrupt ( bit = 0x1d ) : L2 dcache unit data parity error",
[["machine check interrupt", "", ""],
["L2 dcache unit data parity error", "", ""],
["bit", "is", "0x1d"]]],

"103":["RAS APP FATAL ciod : Error loading /p/gb1/light3/sppm_chkpt/sppm : not a CNK program image",
[["Error", "loading", "/p/gb1/light3/sppm_chkpt/sppm"],
["", "not", "a CNK program image"]]],

"104":["RAS KERNEL FATAL Target = ido : * Message = JtagId All all zeros , power good may be low",
[["Target", "is", "ido"],
["Message", "is", "JtagId All all zeros"],
["power good", "may be", "low"]]],

"105":["RAS BGLMASTER FAILURE mmcs_server exited abnormally due to signal : Segmentation fault",
[["mmcs_server", "exited", ""],
["Segmentation fault", "", ""],
["mmcs_server exited abnormally", "due to", "signal"]]],

"106":["RAS KERNEL FATAL machine check interrupt ( bit = * ) : L2 dcache unit * * parity error",
[["machine check interrupt", "", ""],
["L2 dcache unit VAR2 VAR3 parity error", "", ""]]],

"107":["RAS KERNEL INFO critical input interrupt ( unit = 0x0b bit = * ) : warning for * wire",
[["unit", "is", "0x0b"],
["bit", "is", "VAR1"],
["critical input interrupt", "", ""]]],

"108":["RAS KERNEL FATAL Power Good signal deactivated : * A service action may be required.",
[["Power Good signal", "deactivated", ""],
["A service action", "may be", "required"]]],

"109":["RAS KERNEL INFO * tree receiver * in re-synch state event * detected over * seconds",
[["re-synch state event", "detected", ""],
["re-synch state event", "is", "VAR3"]]],

"110":["RAS APP FATAL ciod : Error reading message prefix after * on CioStream socket to *",
[["Error", "reading", "message prefix"]]],

"111":["RAS KERNEL INFO * tree receiver * in re-synch state event ( s ) ( dcr * ) detected",
[["re-synch state event", "detected", ""]]],

"112":["RAS KERNEL FATAL external input interrupt * : tree header with no target waiting",
[["external input interrupt", "", ""],
["tree header", "waiting", ""]]],

"113":["NULL DISCOVERY SEVERE BglIdoChip table has * IDOs with the same IP address ( * )",
[["DISCOVERY SEVERE", "", ""],
["BglIdoChip table", "has", "VAR1 IDOs"],
["IP address", "is", "VAR2"]]],

"114":["RAS KERNEL INFO ciod : Error opening node map file * , No such file or directory",
[["Error", "opening", "node map file"],
["node map file", "is", "VAR1"],
["No such file", "", ""],
["No such directory", "", ""],
["No such file", "or", "directory"]]],

"115":["RAS KERNEL INFO total of * ddr error ( s ) detected and corrected over * seconds",
[["VAR1 ddr error", "detected", ""],
["VAR1 ddr error", "corrected", ""]]],

"116":["RAS APP FATAL ciod : Error creating node map from file * : Bad file descriptor",
[["Error", "creating", "node map file"],
["node map file", "is", "VAR1"]]],

"117":["NULL DISCOVERY ERROR Found invalid node ecid in processor card slot * , ecid *",
[["", "DISCOVERY", "ERROR"],
["", "Found", "invalid node"]]],

"118":["RAS KERNEL INFO ciod : for node * , read continuation request but ioState is 0",
[["", "read", "continuation request"]]],

"119":["NULL DISCOVERY INFO Ido chip status changed : * ip = * v = * t = * status = *",
[["Ido chip status", "changed", ""],
["ip", "is", "VAR2"],
["v", "is", "VAR3"],
["t", "is", "VAR4"],
["status", "is", "VAR5"]]],

"120":["RAS KERNEL INFO ddr : activating redundant bit steering : rank = 0 symbol = *",
[["", "activating", "redundant bit steering"],
["rank", "is", "0"],
["symbol", "is", "VAR1"]]],

"121":["NULL HARDWARE WARNING PrepareForService is being done on this rack ( * ) by *",
[["PrepareForService", "is being done on", "this rack"],
["PrepareForService", "is being done by", "VAR2"]]],

"122":["RAS KERNEL INFO ciod : Missing or invalid fields on line 1 of node map file *",
[["", "Missing or invalid", "fields"],
["node map file", "is", "VAR1"]]],

"123":["RAS KERNEL INFO ciod : Received signal * , code = * , errno = 0 , address = *",
[["", "Received", "signal"],
["signal", "is", "VAR1"],
["code", "is", "VAR2"],
["erron", "is", "0"],
["address", "is", "VAR3"]]],

"124":["RAS KERNEL INFO * torus receiver * input pipe error * detected and corrected",
[["input pipe error", "detected", ""],
["input pipe error", "corrected", ""]]],

"125":["RAS LINKCARD INFO MidplaneSwitchController performing bit sparing on * bit *",
[["MidplaneSwitchController", "performing", "bit sparing"],
["MidplaneSwitchController", "performing on", "VAR1"]]],

"126":["RAS KERNEL INFO ddr : excessive soft failures , consider replacing the card",
[["excessive soft failures", "", ""],
["", "consider replacing", "the card"]]],

"127":["RAS KERNEL INFO ciod : pollControlDescriptors : Detected the debugger died.",
[["", "Detected", "the debugger died"]]],

"128":["RAS APP FATAL ciod : Error reading message prefix on CioStream socket to *",
[["Error", "reading", "message prefix"]]],

"129":["RAS KERNEL FATAL MailboxMonitor : : serviceMailboxes ( ) lib_ido_error : *",
[["", "", ""]]],

"130":["RAS KERNEL INFO * ddr * ( s ) detected and corrected on rank 0 , symbol *",
[["", "", ""]]],

"131":["RAS APP FATAL ciod : Error loading * : invalid or missing program image *",
[["Error", "loading", "VAR1"],
["", "invalid or missing", "program image"]]],

"132":["RAS APP FATAL ciod : LOGIN chdir ( * ) failed : No such file or directory",
[["LOGIN chdir", "failed", ""],
["chdir", "is", "VAR1"],
["chdir", "failed", ""],
["No such file", "", ""],
["No such directory", "", ""],
["No such file", "or", "directory"]]],

"133":["NULL HARDWARE SEVERE NodeCard temperature sensor chip * is not accessible",
[["NodeCard temperature sensor chip", "is not", "accessible"],
["sensor chip", "is", "VAR1"]]],

"134":["RAS KERNEL INFO data cache * parity error detected. attempting to correct",
[["parity error", "detected", ""],
["", "attempting to correct", ""]]], 

"135":["RAS KERNEL INFO NFS Mount failed on * , slept * seconds , retrying ( * )",
[["NFS Mount", "failed", ""],
["NFS Mount", "failed on", "VAR1"],
["", "slept", "VAR2 seconds"]]],

"136":["RAS KERNEL FATAL ddr : redundant bit steering failed , sequencer timeout",
[["redundant bit steering", "failed", ""]]],

"137":["RAS KERNEL INFO ciod : for node * , incomplete data written to core file",
[["incomplete data", "written to", "core file"]]],

"138":["NULL DISCOVERY * Problem communicating with service card , ido chip : *",
[["DISCOVERY VAR1", "", ""],
["Problem", "communicating with", "service card"],
["ido chop", "is", "VAR2"]]],

"139":["RAS KERNEL INFO * torus * error * detected and corrected over * seconds",
[["error", "detected", ""],
["error", "is", "VAR3"],
["error", "corrected", ""]]],

"140":["RAS LINKCARD FATAL MidplaneSwitchController : * failed : * , status = *",
[["VAR1", "failed", ""],
["status", "is", "VAR3"]]],

"141":["RAS KERNEL FATAL disable flagging of DDR UE's as major internal error.0",
[["", " disable", "flagging"]]],

"142":["RAS KERNEL FATAL ddrSize = = 256*1024*1024 || ddrSize = = 512*1024*1024",
[["", "", ""]]],

"143":["RAS KERNEL FATAL DDR failing info register : DDR Fail Info Register : *",
[["", "", ""]]],

"144":["RAS KERNEL INFO ciod : cpu 0 at treeaddr * sent unrecognized message *",
[["cpu 0", "sent", "unrecognized message"],
["treeaddr", "is", "VAR1"],
["unrecognized message", "is", "VAR2"]]],

"145":["RAS KERNEL INFO * torus * error ( s ) ( dcr * ) detected and corrected",
[["error", "detected", ""],
["error", "is", "VAR2"],
["error", "corrected", ""]]],

"146":["RAS KERNEL INFO * correctable errors exceeds threshold ( iar * lr * )",
[["correctable errors", "exceeds", "threshold"]]],

"147":["NULL DISCOVERY SEVERE SerialNumber ( * ) IpAddress ( * ) Status ( A )",
[["DISCOVERY SEVERE", "", ""],
["SerialNumber", "is", "VAR1"],
["IpAddress", "is", "VAR2"],
["Status", "is", "A"]]],

"148":["RAS APP FATAL external input interrupt * : uncorrectable torus error",
[["external input interrupt", "", ""]]],

"149":["NULL DISCOVERY SEVERE Can not get assembly information for node card",
[["DISCOVERY SEVERE", "", ""],
["", "Can not get", "assembly information"]]],

"150":["RAS APP FATAL ciod : Error loading * : program image too big , * > *",
[["Error", "loading", "VAR1"]]],

"151":["RAS KERNEL FATAL number of lines with parity errors written to L3 *",
[["number of lines with parity errors", "wrtten to", "L3"]]],

"152":["RAS KERNEL FATAL command manager unit summary.....................0",
[["", "", ""]]],

"153":["RAS KERNEL FATAL memory manager / command manager address parity..0",
[["", "", ""]]],

"154":["NULL DISCOVERY SEVERE Expected 10 active FanModules , but found *",
[["", "Expected", "10 active FanModules"],
["", "found", "VAR1"],
["DISCOVERY SEVERE", "", ""]]],

"155":["RAS KERNEL INFO ciod : Unexpected eof at line * of node map file *",
[["Unexpected eof", "", ""]]],

"156":["NULL HARDWARE WARNING EndServiceAction * was performed upon * by *",
[["EndServiceAction", "was", "performed"],
["EndServiceAction", "is", "VAR1"],
["EndServiceAction", "was performed upon", "VAR2"],
["EndServiceAction", "was performed by", "VAR3"]]],

"157":["RAS KERNEL FATAL rts tree/torus link training failed : wanted : *",
[["tree/torus link training", "failed", ""]]],

"158":["RAS KERNEL INFO total of * ddr error ( s ) detected and corrected",
[["error", "detected", ""],
["error", "corrected", ""]]],

"159":["RAS BGLMASTER FAILURE * exited abnormally due to signal : Aborted",
[["VAR1", "exited abnormally", ""],
["VAR1 exited abnormally", "due to", "signal"]]],

"160":["NULL MONITOR FAILURE No power module U58 found found on link card",
[["No power module U58", "found", ""],
["No power module U58", "found on", "link card"]]],

"161":["NULL DISCOVERY INFO New ido chip inserted into the database : *",
[["New ido chip", "inserted into", "the database"]]],

"162":["RAS KERNEL INFO * error * detected and corrected over * seconds",
[["error", "detected", ""],
["error", "corrected", ""]]],

"163":["RAS KERNEL INFO e error threshold , consider replacing the card",
[["", "consider replacing", "the card"]]],

"164":["RAS KERNEL FATAL idoproxy communication failure : socket closed",
[["socket", "closed", ""]]],

"165":["RAS KERNEL FATAL Floating Point Status and Control Register : *",
[["Floating Point Status", "and", "Control Register"]]],

"166":["NULL DISCOVERY ERROR Bad cable going into LinkCard * bad wires",
[["Bad cable", "going into", "LinkCard"]]],

"167":["RAS KERNEL * external input interrupt ( unit = * bit = * ) : *",
[["external input interrupt", "", ""]]],

"168":["RAS KERNEL INFO * error * detected and corrected",
[["error", "detected", ""],
["error", "corrected", ""],
["error", "is", "VAR2"]]],

"169":["RAS KERNEL FATAL number of correctable errors detected in L3 *",
[["number of correctable errors", "detected", ""],
["number of correctable errors", "detected in", "L3"]]],

"170":["NULL HARDWARE WARNING EndServiceAction * performed upon * by *",
[["EndServiceAction", "performed", ""],
["EndServiceAction", "is", "VAR1"],
["EndServiceAction", "performed upon", "VAR2"],
["EndServiceAction", "performed by", "VAR3"]]],

"171":["RAS KERNEL FATAL Lustre mount FAILED : * : block_id : location",
[["", "", ""]]],

"172":["RAS KERNEL FATAL invalid operation exception ( int cnvt ) ...0",
[["", "invalid", "operation exception"]]],

"173":["NULL DISCOVERY WARNING this link card is not fully functional",
[["link card", "is not", "fully functional"],
["DISCOVERY WARNING", "", ""]]],

"174":["NULL SERV_NET INFO Added 8 subnets and 409600 addresses to DB",
[["", "Added", "8 subnets"],
["", "Added", "40960 to DB"]]],

"175":["RAS KERNEL INFO ciod : Message code * is not * or 4294967295",
[["Message code VAR1", "is not", "VAR2"],
["Message code VAR1", "is not", "4294967295"]]],

"176":["RAS KERNEL FATAL close EDRAM pages as soon as possible....0",
[["", "close", "EDRAM pages"]]],

"177":["RAS KERNEL FATAL disable all access to cache directory....0",
[["", "disable", "all access to cache history"]]],

"178":["RAS KERNEL FATAL write buffer commit threshold............2",
[["", "write", "buffer commit threshold"]]],

"179":["RAS KERNEL FATAL max number of outstanding prefetches.....7",
[["", "", ""]]],

"180":["RAS KERNEL FATAL turn on hidden refreshes.................1",
[["", "turn on", "hidden refreshes"]]],

"181":["RAS KERNEL * program interrupt : fp cr update.............0",
[["program interrupt", "", ""]]],

"182":["RAS KERNEL * program interrupt : fp cr field .............0",
[["program interrupt", "", ""]]],

"183":["RAS KERNEL INFO suppressing further interrupts of same type",
[["", "suppressing", "further interrupts"]]],

"184":["RAS KERNEL INFO ciod : generated * core files for program *",
[["", "generated", "core files"],
["", "generated for", "program VAR2"]]],

"185":["RAS KERNEL FATAL enable invalid operation exceptions......0",
[["", "enable", "invalid operation"]]],

"186":["RAS KERNEL INFO * threshold , consider replacing the card",
[["", "consider replacing", "the card"]]],

"187":["RAS APP FATAL ciod : Error creating node map from file *",
[["Error", "creating", "node map"],
["Error", "creating from", "file"]]],

"190":["RAS KERNEL INFO instruction cache parity error corrected",
[["instruction cache parity error", "corrected", ""]]],

"191":["NULL DISCOVERY WARNING Node card is not fully functional",
[["Node card", "is not", "fully functional"]]],

"192":["NULL HARDWARE SEVERE NodeCard VPD chip is not accessible",
[["NodeCard VPD chip", "is not", "accessible"]]],

"193":["RAS BGLMASTER FAILURE * exited normally with exit code *",
[["VAR1", "exited normally", ""],
["VAR1", "exited normally with", "exit code VAR2"],
["exit code", "is", "VAR2"]]],

"194":["NULL MONITOR FAILURE Temperature Over Limit on link card",
[["MONITOR FAILURE", "", ""],
["Temperature", "Over", "Limit"]]],

"195":["RAS KERNEL * disable apu instruction broadcast........0",
[["", "disable", "apu instruction broadcast"]]],

"196":["NULL HARDWARE SEVERE * power module * is not accessible",
[["power module", "is not", "accessible"],
["power module", "is", "VAR2"]]],

"197":["RAS KERNEL FATAL Lustre mount FAILED : * : point /p/gb1",
[["Lustre", "mount", "FAILED"]]],

"198":["NULL MONITOR FAILURE * PGOOD error latched on link card",
[["PGOOD error", "latched on", "link card"]]],

"199":["RAS KERNEL INFO ddr : Suppressing further CE interrupts",
[["", "Suppressing", "CE interrupts"]]],

"200":["RAS APP FATAL Torus non-recoverable error DCRs follow.",
[["error DCRs", "follow", ""]]],

"201":["RAS KERNEL FATAL Target = ido : * Message = ScomError",
[["Target", "is", "ido"],
["Message", "is", "ScomError"]]],

"202":["RAS KERNEL INFO ciod : * at line * of node map file *",
[["", "", ""]]],

"203":["RAS KERNEL FATAL dbcr0 = * dbsr = * ccr0 = *",
[["dbcr0", "is", "VAR1"],
["dbsr", "is", "VAR2"],
["ccr0", "is", "VAR3"]]],

"204":["RAS KERNEL INFO * floating point alignment exceptions",
[["", "", ""]]],

"205":["RAS KERNEL FATAL rts : kernel terminated for reason *",
[["kernel", "terminated", ""],
["kernel", "terminated for", "reason VAR1"]]],

"206":["RAS KERNEL INFO * double-hummer alignment exceptions",
[["", "", ""]]],

"207":["RAS KERNEL FATAL invalid operation exception ( * ) *",
[["invalid operation exception", "", ""]]],

"208":["RAS KERNEL FATAL capture first * * error address..0",
[["", "", ""]]],

"209":["RAS KERNEL FATAL Error : unable to mount filesystem",
[["", "unable to mount", "filesystem"]]],

"210":["RAS KERNEL FATAL msr = * dear = * esr = * fpscr = *",
[["msr", "is", "VAR1"],
["dear", "is", "VAR2"],
["esr", "is", "VAR3"],
["fpscr", "is", "VAR4"]]],

"211":["RAS KERNEL FATAL Machine Check Status Register : *",
[["Machine", "Check", "Status Register"]]],

"212":["RAS KERNEL FATAL Core Configuration Register 0 : *",
[["", "", ""]]],

"213":["RAS KERNEL FATAL * error detected in EDRAM bank *",
[["error", "detected", ""],
["error", "detected in", "EDRAM bank"],
["EDRAM bank", "is", "VAR2"]]],

"214":["RAS APP FATAL ciod : * No such file or directory",
[["No such file", "", ""],
["No such directory", "", ""],
["No such file", "or", "directory"]]],

"215":["RAS KERNEL FATAL r12 = * r13 = * r14 = * r15 = *",
[["r12", "is", "VAR1"],
["r13", "is", "VAR2"],
["r14", "is", "VAR3"],
["r15", "is", "VAR4"]]],

"216":["RAS KERNEL FATAL rts panic! - stopping execution",
[["", "stopping", "execution"]]],

"217":["NULL CMCS INFO Controlling BG/L rows *",
[["", "Controlling", "BG/L rows"]]],

"218":["RAS KERNEL FATAL instruction TLB error interrupt",
[["error", "interrupt", ""]]],

"219":["KERNEL FATAL Kill job * timed out. Block freed.",
[["Kill job", "timed out", ""],
["Kill job", "is", "VAR1"],
["Block", "freed", ""]]],

"220":["RAS KERNEL FATAL rts assertion failed : * in *",
[["rts assertion", "failed", ""]]],

"221":["NULL HARDWARE SEVERE * is not fully functional",
[["VAR1", "is not", "fully functional"]]],

"222":["RAS KERNEL FATAL invalid operation exception *",
[["invalid operation exception", "", ""]]],

"223":["RAS KERNEL FATAL lr = * cr = * xer = * ctr = *",
[["lr", "is", "VAR1"],
["cr", "is", "VAR2"],
["xer", "is", "VAR3"],
["ctr", "is", "VAR4"]]],

"224":["RAS KERNEL FATAL Target = ido : * Message = *",
[["Target", "is", "ido"],
["Message", "is", "VAR2"]]],

"225":["RAS LINKCARD FATAL MidplaneSwitchController *",
[["", "", ""]]],

"226":["RAS KERNEL FATAL parity error in read queue *",
[["read queue", "is", "VAR1"],
["parity error", "in", "read queue"]]],

"227":["RAS KERNEL * data store interrupt caused by *",
[["data store interrupt", "caused by", "VAR2"]]],

"228":["NULL CMCS INFO Running as background command",
[["", "Running as", "background command"]]],

"229":["NULL HARDWARE SEVERE NodeCard VPD is corrupt",
[["NodeCard VPD", "is", "corrupt"]]],

"230":["RAS KERNEL FATAL machine check interrupt *",
[["machine check interrupt", "", ""]]],

"231":["RAS KERNEL FATAL rts assertion failed : *",
[["rts assertion", "failed", ""]]],

"232":["RAS KERNEL INFO CE sym * , at * , mask *",
[["", "", ""]]],

"233":["NULL CMCS INFO Starting SystemController",
[["", "Starting", "SystemController"]]],

"234":["RAS APP FATAL ciod : LOGIN * failed : *",
[["LOGIN VAR1", "failed", ""]]],

"235":["RAS MMCS INFO ciodb has been restarted.",
[["ciodb", "has been", "restarted"]]],

"236":["RAS KERNEL * guaranteed * cache block *",
[["", "guaranteed", "VAR2 cache block"]]],

"237":["RAS KERNEL FATAL disable write lines *",
[["", "disable", "write lines"]]],

"238":["NULL CMCS INFO Controlling BG/L rows *",
[["", "Controlling", "BG/L rows"]]],

"239":["RAS KERNEL FATAL * error detected in *",
[["VAR1 error", "detected in ", "VAR2"]]],

"240":["RAS MMCS FATAL L3 major internal error",
[["", "", ""]]],

"241":["RAS KERNEL FATAL prefetch depth for *",
[["", "prefetch", "depth"],
["", "prefetch for", "VAR1"]]],

"242":["RAS KERNEL FATAL d-cache * parity *",
[["", "", ""]]],

"243":["RAS KERNEL * floating pt ex mode *",
[["", "", ""]]],

"244":["RAS KERNEL FATAL parity error in *",
[["", "", ""]]],

"245":["RAS KERNEL * program interrupt : *",
[["program", "interrupt", ""]]],

"246":["RAS KERNEL FATAL memory manager *",
[["", "", ""]]],

"247":["RAS MMCS ERROR Ido packet timeout",
[["", "", ""]]],

"248":["RAS KERNEL * purpose registers :",
[["purpose registers", "is", "VAR1"]]],

"249":["RAS KERNEL INFO MACHINE CHECK *",
[["", "", ""]]],

"250":["RAS KERNEL FATAL * register : *",
[["", "", ""]]],

"251":["RAS KERNEL * input interrupt *",
[["", "", ""]]],

"252":["RAS KERNEL FATAL *, max = *",
[["max", "is", "VAR1"]]],

"253":["RAS KERNEL * problem state *",
[["", "", ""]]],

"254":["RAS KERNEL INFO iar * dear *",
[["", "", ""]]],

"255":["RAS KERNEL FATAL size of *",
[["", "", ""]]],

"256":["RAS KERNEL FATAL invalid *",
[["", "", ""]]],

"257":["RAS KERNEL * register : *",
[["", "", ""]]],

"258":["RAS KERNEL FATAL memory *",
[["", "", ""]]],

"259":["RAS KERNEL FATAL data *",
[["", "", ""]]],

"260":["RAS KERNEL FATAL DDR *",
[["", "", ""]]],

"261":["RAS APP FATAL DCR *",
[["", "", ""]]],

"262":["RAS KERNEL FATAL *",
[["", "", ""]]],

"263":["RAS KERNEL INFO *",
[["", "", ""]]],

"264":["RAS KERNEL * *",
[["", "", ""]]],

"265":["RAS KERNEL *",
[["", "", ""]]],
    
"266":["RAS KERNEL FATAL * error interrupt",
[["VAR1", "error interrupt", ""]]],
    
"267":["RAS KERNEL FATAL * storage interrupt",
[["VAR1", "storage interrupt", ""]]]
}